{
  "total_trades": 1,
  "winning_trades": 0,
  "losing_trades": 1,
  "total_pnl": -4.749999999999943,
  "max_drawdown": -4.749999999999943,
  "kill_switch_count": 0
}